id,oai_dc:dc,oai_dc:dc/dc:title,oai_dc:dc/dc:publisher,oai_dc:dc/dc:identifier,oai_dc:dc/dc:source,oai_dc:dc/dc:description,oai_dc:dc/dc:type,oai_dc:dc/dc:creator,oai_dc:dc/dc:date,oai_dc:dc/dc:language,oai_dc:dc/dc:format,oai_dc:dc/dc:subject,oai_dc:dc/dc:coverage,date
e0970aec-3eb5-4b39-a85f-2b23900cd153,1,1,1,1,1,1,1,1,1,1,1,0,0,2019-01-01
2add5d6b-8519-4334-bd86-7fe42a85a106,1,1,1,1,1,1,1,1,1,1,1,0,0,2019-01-01
53c92371-9369-4586-b04a-85279ec7d276,1,1,1,1,1,1,1,1,1,1,1,0,0,2019-01-01
f155c619-ee05-44b6-a8b1-feb851ca1af5,1,1,1,1,1,1,1,1,1,1,1,0,0,2019-01-01
05961829-968b-4bc0-87c2-67bd60072ce7,1,1,1,1,1,1,1,1,1,1,1,0,0,2019-01-01
03ab9bb4-3e3e-4299-817a-1326f44df429,1,1,1,1,1,1,1,1,1,1,1,0,0,2019-01-01
849dcd63-d0a7-4903-935c-2ad89b208831,1,1,1,1,1,1,1,1,1,1,1,0,0,2019-01-01
c9304687-1140-4c3d-92ca-3a0cf433bb08,1,1,1,1,1,1,1,1,1,1,1,0,0,2019-01-01
87c6546c-494b-4271-94e0-b4d15b19c56b,1,1,1,1,1,1,1,1,1,1,1,0,0,2019-01-01
deacadb5-6964-4aa8-84a0-daef846a0396,1,1,1,1,1,1,1,1,1,1,1,0,0,2019-01-01
2a020626-f41a-45d7-aba5-b5ebfed8cec9,1,1,1,1,1,1,1,1,1,1,1,0,0,2019-01-01
c195b7f3-6512-4f37-9f2b-1446525144db,1,1,1,1,1,1,1,1,1,1,1,0,0,2019-01-01
08eb2543-8ce6-4fc9-8225-edffaaa77bd0,1,1,1,1,1,1,1,1,1,1,1,0,0,2019-01-01
d45cd682-b4a0-4118-bfc8-eea3fb752aff,1,1,1,1,1,1,1,1,1,1,1,1,1,2019-05-20
8bb17a01-6ca6-4225-a42c-be3cb22e3db0,1,1,1,1,1,1,1,1,1,1,1,0,0,2019-01-01
27a1ad86-5c09-4411-b875-1773ddc8145a,1,1,1,1,1,1,1,1,1,1,1,0,0,2019-01-01
0d5fbed1-17b0-4f03-9093-b6177c698caa,1,1,1,1,1,1,1,1,1,1,1,0,0,2019-01-01
25d05141-3372-42b2-aa34-144e14998894,1,1,1,1,1,1,1,1,1,1,1,0,0,2019-01-01
ca0570b0-b758-4c93-bb01-c4f54775d03b,1,1,1,1,1,1,1,1,1,1,1,1,1,2019-05-17
ff562a82-53c1-48ca-bfdc-19475197cf92,1,1,1,1,1,1,1,1,1,1,1,1,1,2019-05-17
649cf26c-a0b9-4f54-abd4-07fa14b8ae79,1,1,1,1,1,1,1,1,1,1,1,0,0,2019-01-01
dca17dac-2df9-4657-91f6-b4f6a9407630,1,1,1,1,1,1,1,1,1,1,1,0,0,2019-01-01
dd86f4af-802c-406f-84b3-666b86d34c61,1,1,1,1,1,1,1,1,1,1,1,0,0,2019-01-01
d0833a3c-ac0d-4bbc-ad65-219feaec7d5b,1,1,1,1,1,1,1,1,1,1,1,0,0,2019-01-01
a0e2085d-b45d-48b2-80d5-3b31c4a4d806,1,1,1,1,1,1,1,1,1,1,1,0,0,2019-01-01
ae7720a1-dcad-40b1-8f4b-317fe9348bb8,1,1,1,1,1,1,1,1,1,1,1,0,0,2019-01-01
7562065b-c56c-43cd-9740-c3c220af6ab3,1,1,1,1,1,1,1,1,1,1,1,0,0,2019-01-01
4ef255bc-309b-4342-a05a-0f18046e5d44,1,1,1,1,1,1,1,1,1,1,1,0,0,2019-01-01
468babe7-7f02-4c42-94f9-1289a0d0a8fd,1,1,1,1,1,1,1,1,1,1,1,0,0,2019-01-01
9653f702-77b8-4e3a-a11a-a496a0ba9452,1,1,1,1,1,1,1,1,1,1,1,0,0,2019-01-01
79bf8f3a-fd1a-4cc2-9e00-4901b4d2876d,1,1,1,1,1,1,1,1,1,1,1,0,0,2019-01-01
4f86435d-e304-47e0-95e8-bb1ba9e8e79a,1,1,1,1,1,1,1,1,1,1,1,1,0,2019-05-17
10d4ea8d-9feb-44ba-961c-ddbb8732fa8f,1,1,1,1,1,1,1,1,1,1,1,1,0,2019-05-17
6ca390f7-b377-4313-a657-16b44a5dc52e,1,1,1,1,1,1,1,1,1,1,1,1,0,2019-05-17
dc692432-d85c-46cc-82bc-2fb1ff38decc,1,1,1,1,1,1,1,1,1,1,1,1,0,2019-05-17
cfd95755-907c-480a-a08f-11d6cbb1e2b5,1,1,1,1,1,1,1,1,1,1,1,1,0,2019-05-17
c05774c5-b126-4f9e-90ae-a812f74f67ab,1,1,1,1,1,1,1,1,1,1,1,1,0,2019-05-17
43122b21-1230-49a9-9af8-4df4df950ecb,1,1,1,1,1,1,1,1,1,1,1,1,0,2019-05-17
705c0c0a-cf0a-4dd2-9332-d42db4601ffd,1,1,1,1,1,1,1,1,1,1,1,1,0,2019-05-17
27be081b-0250-4cfe-ab5c-e835a66772b8,1,1,1,1,1,1,1,1,1,1,1,1,0,2019-05-17
ddd87e59-4457-4f8b-950a-0a42c7ae5226,1,1,1,1,1,1,1,1,1,1,1,1,0,2019-05-17
c8d09c03-2715-4f29-9158-fb22094cc3b5,1,1,1,1,1,1,1,1,1,1,1,1,0,2019-05-17
301b8100-b71b-467c-8f69-e9fdc8cf3b73,1,1,1,1,1,1,1,1,1,1,1,1,0,2019-05-17
c5c7b7e6-ca7e-4076-9d64-a58884bf16ad,1,1,1,1,1,1,1,1,1,1,1,1,0,2019-05-17
028af953-8d01-4b7d-a0a0-78a21c002763,1,1,1,1,1,1,1,1,1,1,1,1,0,2019-05-17
9e5a422c-aaab-4e23-ae1c-2b921f6363cb,1,1,1,1,1,1,1,1,1,1,1,1,0,2019-05-17
a07ef523-a8ee-442c-ab56-3bfc4cbe10b9,1,1,1,1,1,1,1,1,1,1,1,1,0,2019-05-17
dbbdb1f4-d5c7-4b72-b31f-ef6fdf33a9b3,1,1,1,1,1,1,1,1,1,1,1,1,0,2019-05-17
8daa0a17-dc87-41eb-a13a-1a6ca56894dc,1,1,1,1,1,1,1,1,1,1,1,1,0,2019-05-17
7699d7ee-bcc2-4c67-b0b6-a82d8db4575b,1,1,1,1,1,1,1,1,1,1,1,1,0,2019-05-17
80beb144-b111-4f16-9e71-f759ea7006a2,1,1,1,1,1,1,1,1,1,1,1,1,0,2019-05-17
53c94997-8758-4261-91d9-ac9f4ebe73d2,1,1,1,1,1,1,1,1,1,1,1,1,0,2019-05-17
2c57ccb3-b64d-4005-8a17-5cb6094bf131,1,1,1,1,1,1,1,1,1,1,1,0,0,2019-01-01
f0c7a46c-42f3-48c5-8c7d-d39da269d9df,1,1,1,1,1,1,1,1,1,1,1,0,0,2019-01-01
453c03ec-f64f-4475-9550-f57e34d2e266,1,1,1,1,1,1,1,1,1,1,1,0,0,2019-01-01
bc689683-8dd5-442e-90a6-adbb7221aad6,1,1,1,1,1,1,1,1,1,1,1,0,0,2019-01-01
5882d26c-95d0-4b67-87d4-6e91cfdbf789,1,1,1,1,1,1,1,1,1,1,1,0,0,2019-01-01
c92ad4f3-1985-414c-b0eb-b18cc3679ed2,1,1,1,1,1,1,1,1,1,1,1,0,0,2019-01-01
2be13edb-468c-4397-aa8b-845a3ba71a52,1,1,1,1,1,1,1,1,1,1,1,0,0,2019-01-01
8287097d-cec6-4103-b23e-fb5374b1ee06,1,1,1,1,1,1,1,1,1,1,1,1,1,2019-05-16
34e5d258-a1bc-49c6-8c25-56609a300015,1,1,1,1,1,1,1,1,1,1,1,1,1,2019-05-13
933de798-383e-46d7-ac1c-2607a36d7f10,1,1,1,1,1,0,1,0,0,1,1,0,0,2019-05-16T13:25:43Z_header
081304be-3a8b-436d-a9b4-185b6cdda870,1,1,1,1,1,1,1,1,1,1,1,1,1,2019-05-16
c888f0dc-e34f-4c5f-a634-d69c320ada4c,1,1,1,1,1,1,1,1,1,1,1,0,0,2019-01-01
3733ef1e-8696-44f1-99d7-d473c509608c,1,1,1,1,1,1,1,1,1,1,1,0,0,2019-01-01
c695c731-b08c-477d-a807-4081f4c2a9f3,1,1,1,1,1,1,1,1,1,1,1,0,0,2019-01-01
93d412c8-defe-4417-a5a4-f0b978d55e3f,1,1,1,1,1,1,1,1,1,1,1,0,0,2019-01-01
4cb8165d-2c33-442f-b948-ff038cf149e1,1,1,1,1,1,1,1,1,1,1,1,1,1,2019-05-16
a069bd52-2bf8-45ee-98b7-2a6d1fcf5cac,1,1,1,1,1,1,1,1,1,1,1,0,0,2019-01-01
cd2abe34-b1ec-44ad-8c31-a7689817db77,1,1,1,1,1,1,1,1,1,1,1,0,0,2019-01-01
3ebee944-1e6e-45d8-bba7-986581409c12,1,1,1,1,1,1,1,1,1,1,1,0,0,2019-01-01
80d29977-724b-431e-9a98-5eaf7a8c3651,1,1,1,1,1,1,1,1,1,1,1,0,0,2019-01-01
6d6ea0e4-8a8e-49c0-9853-a378a06dba74,1,1,1,1,1,1,1,1,1,1,1,0,0,2019-01-01
33a05386-c01c-41fd-9855-3695876e2458,1,1,1,1,1,1,1,1,1,1,1,0,0,2019-01-01
4c9c5163-7fce-43f3-be05-c64780788e96,1,1,1,1,1,1,1,1,1,1,1,0,0,2019-01-01
6a60a6f0-097b-4db7-b6e4-eef760e397c9,1,1,1,1,1,1,1,1,1,1,1,0,0,2019-01-01
89c53edb-0fac-4118-bdc0-d70ca50953dc,1,1,1,1,1,1,1,1,1,1,1,0,0,2019-05-16
8c3d903d-6d82-45d1-a1c0-b29f5b97d0c1,1,1,1,1,1,1,1,1,1,1,1,0,0,2019-01-01
81e87d37-68e3-49cf-b900-943aaef6398e,1,1,1,1,1,1,1,1,1,1,1,0,0,2019-01-01
d5ce5b6c-1740-4063-8636-f3db97a0aa13,1,1,1,1,1,1,1,1,1,1,1,0,0,2019-01-01
9db4515c-7f05-4cd4-b281-7b45861fe49c,1,1,1,1,1,1,1,1,1,1,1,0,0,2019-01-01
243e4f17-37dc-46b5-bfd5-5cc6f3dc8499,1,1,1,1,1,1,1,1,1,1,1,0,0,2019-01-01
d28aa153-6814-48c1-91c2-f9a39788825e,1,1,1,1,1,1,1,1,1,1,1,0,0,2019-01-01
e12b1516-6759-4f52-96ac-208050b51a4b,1,1,1,1,1,1,1,1,1,1,1,0,0,2019-01-01
269321d2-8c60-4be5-b879-b516f39f62b9,1,1,1,1,1,1,1,1,1,1,1,0,0,2019-01-01
a0c45123-9373-4b1b-adc9-bf6a4796bc23,1,1,1,1,1,1,1,1,1,1,1,0,0,2019-01-01
63f1a4ba-4554-4116-a5c2-e14623e9a4f9,1,1,1,1,1,1,1,1,1,1,1,1,1,2019-05-14
20c6f816-bec3-4494-bd4c-78327477c5bd,1,1,1,1,1,1,1,1,1,1,1,0,0,2019-01-01
144e58f0-262b-424f-92c9-530765de0575,1,1,1,1,1,1,1,1,1,1,1,0,0,2019-01-01
aa3222d7-fc9d-4e99-9d2e-b3ea21dafed7,1,1,1,1,1,1,1,1,1,1,1,1,1,2019-05-14
8243728a-c19a-4471-8974-249ffc938c29,1,1,1,1,1,1,1,1,1,1,1,1,1,2019-05-14
1945ba02-8dff-402c-a5bb-fd400a98b332,1,1,1,1,1,1,1,1,1,1,1,0,0,2019-01-01
af3aacd7-3b96-4295-86f4-f899ce00cbb1,1,1,1,1,1,1,1,1,1,1,1,0,0,2019-01-01
6ffbbdb0-5acc-4333-a3f1-50129a629849,1,1,1,1,1,1,1,1,1,1,1,0,0,2019-01-01
9d6bc827-8352-4088-b617-402e63b41a68,1,1,1,1,1,1,1,1,1,1,1,0,0,2019-01-01
056548c2-7356-451c-8100-adc191b6081a,1,1,1,1,1,1,1,1,1,1,1,0,0,2019-01-01
f5b155f4-c251-4daf-b267-322b95115f91,1,1,1,1,1,1,1,1,1,1,1,0,0,2019-01-01
943ac4e5-eee2-409e-a058-eb76866f102a,1,1,1,1,1,1,1,1,1,1,1,0,0,2019-01-01
924564d3-af90-47f9-8759-1e82331f6d50,1,1,1,1,1,1,1,1,1,1,1,0,0,2019-01-01
b2e1df95-f553-4f99-af3c-c3c89fac1234,1,1,1,1,1,1,1,1,1,1,1,0,0,2019-01-01
bd6e23e7-437f-4343-aba9-9e19f15fb5e1,1,1,1,1,1,1,1,1,1,1,1,0,0,2019-01-01
2844b319-2329-4c41-9513-dec46d91dc35,1,1,1,1,1,1,1,1,1,1,1,0,0,2019-01-01
c9099bac-616c-44bf-8319-0b9b1f589121,1,1,1,1,1,1,1,1,1,1,1,1,1,2019-05-13
165f88fc-4163-4ef8-a515-67326e7282d0,1,1,1,1,1,1,1,1,1,1,1,1,1,2019-05-13
02a1dc1e-5f74-40e6-8f7b-24f96874124e,1,1,1,1,1,1,1,1,1,1,1,0,0,1912-01-01
6b2683a5-feba-4f06-b47e-866b43e51a46,1,1,1,1,1,1,1,1,1,1,1,0,0,2019-01-01
defb7e7d-732b-482d-bdab-df7e14fd2663,1,1,1,1,1,1,1,1,1,1,1,0,0,2019-01-01
36ebc3e6-df1e-4993-a8c8-6b4cc679e888,1,1,1,1,1,1,1,1,1,1,1,0,0,2019-01-01
45b5a7e8-c2b0-491c-93e9-e62ab286ba6d,1,1,1,1,1,1,1,1,1,1,1,0,0,2019-01-01
5567712b-2d25-4128-bc28-b84823b3a3ad,1,1,1,1,1,1,1,1,1,1,1,0,0,2019-01-01
f66172d5-c21d-4a42-b3de-c33fea3234f5,1,1,1,1,1,1,1,1,1,1,1,0,0,2019-01-01
b5902a9d-c38b-462f-ad8a-95693c1822dc,1,1,1,1,1,1,1,1,1,1,1,0,0,2019-01-01
8c88621c-037e-4d69-b09b-3975da3289d1,1,1,1,1,1,1,1,1,1,1,1,0,0,2019-01-01
81d67a96-5e13-4b58-80ea-7d6e52f70917,1,1,1,1,1,1,1,1,1,1,1,0,0,2019-01-01
dcbb64d9-cac5-4c86-9cf9-248c8f42efa2,1,1,1,1,1,1,1,1,1,1,1,0,0,2019-01-01
4e3767fc-4dc1-4a69-8090-63f9e81cd545,1,1,1,1,1,1,1,1,1,1,1,0,0,2019-01-01
82b2e911-9636-47e1-ba1b-e8ab3fb93f9e,1,1,1,1,1,1,1,1,1,1,1,1,0,2019-05-13
79d4728e-4ad9-4be2-aca7-5897e201ba35,1,1,1,1,1,1,1,1,1,1,1,0,0,2013-01-01
2dc54d17-6a79-425d-a1e3-82dc0b607dfb,1,1,1,1,1,1,1,1,1,1,1,1,1,2019-05-16
f18fc494-4700-4c2a-ab27-16ecabed7806,1,1,1,1,1,1,1,1,1,1,1,1,1,2019-05-16
12464931-e8ea-4437-b6df-c280e063b107,1,1,1,1,1,1,1,1,1,1,1,1,1,2019-05-14
0a2eaf0c-5504-4f48-a47f-c94229029dc8,1,1,1,1,1,1,1,1,1,1,1,1,1,2019-05-02
36094b2b-bd50-4c6d-af52-264a155fc76f,1,1,1,1,1,1,1,1,1,1,1,1,1,2019-05-10
ef3bacd0-faf7-452c-9461-da9684fe662f,1,1,1,1,1,1,1,1,1,1,1,1,1,2019-05-10
cb2db64a-2fde-423c-982f-3d9d8978fff2,1,1,1,1,1,1,1,1,1,1,1,0,0,2019-01-01
d38e8ddc-d3e2-4a0b-9aab-9b7587400244,1,1,1,1,1,1,1,1,1,1,1,0,0,2019-01-01
0fd46fac-1a3c-4bb7-ab7a-6b4e66fa72bb,1,1,1,1,1,1,1,1,1,1,1,0,0,2019-01-01
730140ef-5dc1-4ec8-832b-67ec459ff30d,1,1,1,1,1,1,1,1,1,1,1,0,0,2019-01-01
7a6e3698-f6a7-4c53-9e45-4f0e9c2c9eaf,1,1,1,1,1,1,1,1,1,1,1,0,0,2019-01-01
0986a097-6033-4eb5-b807-5aad00c01867,1,1,1,1,1,1,1,1,1,1,1,0,0,2019-01-01
d264c0ae-c46c-4e33-81ae-ab0d225c3534,1,1,1,1,1,1,1,1,1,1,1,0,0,2019-01-01
546532ec-56f2-4ec3-b6fb-54fb61b59632,1,1,1,1,1,1,1,1,1,1,1,0,0,2019-01-01
7a36859e-2b95-4aed-b54b-86c5a1cbc2f3,1,1,1,1,1,1,1,1,1,1,1,0,0,2019-01-01
ccbb854c-979b-40ea-bd51-64cf20307fb0,1,1,1,1,1,1,1,1,1,1,1,0,0,2019-01-01
72a42bf2-29dc-429e-8062-40c03837722e,1,1,1,1,1,1,1,1,1,1,1,0,0,2019-01-01
fdc2c477-30f9-460a-97d1-09f9ba92502a,1,1,1,1,1,1,1,1,1,1,1,0,0,2019-01-01
e27c1a28-901e-4fcf-896b-bf3e3e066518,1,1,1,1,1,1,1,1,1,1,1,0,0,2019-01-01
1dee649a-fcfa-444b-883e-c60c8da1cc9c,1,1,1,1,1,1,1,1,1,1,1,0,0,2019-01-01
52591806-a684-4ab8-baec-88937c2bd640,1,1,1,1,1,1,1,1,1,1,1,0,0,2019-01-01
e9120c09-b5ee-49a2-9ee4-4f51b2d5f1e5,1,1,1,1,1,1,1,1,1,1,1,0,0,2019-01-01
b83fa02b-b303-4799-856d-b4dbe1160a93,1,1,1,1,1,1,1,1,1,1,1,0,0,2019-01-01
03ecf810-0d3e-4498-8bcb-18a9d0ee18a1,1,1,1,1,1,1,1,1,1,1,1,0,0,2019-01-01
600dc0f4-cbf1-4092-bc5f-682ce9fdf782,1,1,1,1,1,1,1,1,1,1,1,0,0,2019-01-01
7f611dcc-fe4f-4519-82bc-3e07166017d6,1,1,1,1,1,1,1,1,1,1,1,1,1,2019-05-09
7b11366b-e966-4b74-b414-0313bdf358fe,1,1,1,1,1,1,1,1,1,1,1,1,1,2019-05-09
243bb217-84a5-43d5-adca-af481ab6ab8f,1,1,1,1,1,1,1,1,1,1,1,1,1,2019-05-09
badf78ac-32c7-4afa-a729-9f9ddb6d82fe,1,1,1,1,1,1,1,1,1,1,1,1,1,2019-05-09
3692529d-0b66-43c4-9039-f1774e260d10,1,1,1,1,1,1,1,1,1,1,1,0,0,2008-01-01
7636857e-72d3-4c1a-9a31-d19be9d122cf,1,1,1,1,1,1,1,1,1,1,1,1,1,2019-05-17
43fbd3b8-9934-4986-b4c6-d39725751fa4,1,1,1,1,1,1,1,1,1,1,1,0,0,2015-01-01
4085ca11-924d-439d-9db3-1d9c72f48a47,1,1,1,1,1,1,1,1,1,1,1,0,0,2019-01-01
064508e2-255e-4d82-9f13-05d73476cc03,1,1,1,1,1,1,1,1,1,1,1,1,1,2019-05-10
31e5eae9-5862-49fe-a39e-709375e0b279,1,1,1,1,1,1,1,1,1,1,1,1,1,2019-05-09
f1fb5c6e-9a8a-4a9e-bc57-8ff820619473,1,1,1,1,1,1,1,1,1,1,1,0,0,2019-01-01
c5a80e95-0675-435d-b834-3ccc1694559d,1,1,1,1,1,1,1,1,1,1,1,0,0,2019-01-01
1f07f070-4f3c-4933-b6f9-03322904cf51,1,1,1,1,1,1,1,1,1,1,1,0,0,2019-01-01
4db858ad-5de0-4529-a5ff-a35159c909ba,1,1,1,1,1,1,1,1,1,1,1,0,0,2019-01-01
909beb46-0ff4-4acd-8efa-539ec08d1f98,1,1,1,1,1,1,1,1,1,1,1,0,0,2019-01-01
c7316878-d022-49f2-b057-d6ce071050ad,1,1,1,1,1,1,1,1,1,1,1,0,0,2019-01-01
f2e6d53b-f640-4f7c-8bd7-24fc524a6464,1,1,1,1,1,1,1,1,1,1,1,0,0,2019-01-01
9fa4fe9c-574a-48e0-a659-390bb7216997,1,1,1,1,1,1,1,1,1,1,1,0,0,2019-01-01
189ed4fc-dbfd-4692-bb51-faebcdd4f5eb,1,1,1,1,1,1,1,1,1,1,1,0,0,2019-01-01
08a78a86-2d0c-41ff-935b-3722f98f37aa,1,1,1,1,1,1,1,1,1,1,1,0,0,2019-01-01
c1399636-2740-4f86-ac4a-4af03c639737,1,1,1,1,1,1,1,1,1,1,1,0,0,2019-01-01
d2324e91-2793-440d-9456-27405a4c2fac,1,1,1,1,1,1,1,1,1,1,1,0,0,2017-01-01
702bef51-1aba-4fd2-a3a3-996bb89fbc6a,1,1,1,1,1,1,1,1,1,1,1,0,0,2019-01-01
02726ffb-8cb4-4b54-8643-1ca8d6daa607,1,1,1,1,1,1,1,1,1,1,1,0,0,2019-01-01
2dcbe70b-c6ad-4dbc-b8ad-c047a5322057,1,1,1,1,1,1,1,1,1,1,1,0,0,2019-01-01
f5038475-fbca-4cdf-8246-68f1a6bbcc5b,1,1,1,1,1,1,1,1,1,1,1,1,1,2019-05-08
19ce552c-e959-4c80-9d39-325a4445603a,1,1,1,1,1,1,1,1,1,1,1,1,1,2019-05-08
c544e57a-82fa-42d5-908a-967cc34f90e7,1,1,1,1,1,1,1,1,1,1,1,1,1,2019-05-08
410249a8-57c4-4af6-aecf-a7cfcf077022,1,1,1,1,1,1,1,1,1,1,1,1,1,2019-01-01
04716075-dded-4271-9432-6329b1a68228,1,1,1,1,1,1,1,1,1,1,1,1,1,2019-05-08
c784b892-4893-4dac-a61d-bc4a458b1d88,1,1,1,1,1,1,1,1,1,1,1,1,1,2019-05-09
54b2150d-e662-450d-b3c2-73b51ac32041,1,1,1,1,1,1,1,1,1,1,1,0,0,1994-01-01
8854d25e-05f9-48f0-88da-7c413b24f535,1,1,1,1,1,1,1,1,1,1,1,1,1,2019-05-15
f9c264e3-d808-4b42-8091-87cafca2e38d,1,1,1,1,1,1,1,1,1,1,1,1,1,2019-05-08
4575bf91-0c65-47a8-84cb-0b36111f8956,1,1,1,1,1,1,1,0,0,1,1,0,0,2019-05-08T08:00:29Z_header
326e4593-b2e4-4016-9568-d6d8fc1a23d9,1,1,1,1,1,1,1,1,1,1,1,0,0,2019-01-01
9dedc1eb-775b-4c1e-9b6d-aa136be7cf7e,1,1,1,1,1,1,1,1,1,1,1,0,0,2019-01-01
100f9b88-b979-4a43-ad71-5ebaaf477b2d,1,1,1,1,1,1,1,1,1,1,1,0,0,2019-01-01
16c42bc5-8d00-477e-98a0-cf4c2f4b4cca,1,1,1,1,1,1,1,1,1,1,1,0,0,2019-01-01
9ff07594-f512-43b2-b64d-1605ac58f115,1,1,1,1,1,1,1,1,1,1,1,0,0,2019-01-01
f69431e0-57d9-43c0-ac86-4251f2d99c66,1,1,1,1,1,1,1,1,1,1,1,0,0,2019-01-01
1fa78a19-6a9c-498b-89b5-a0d6ceb58080,1,1,1,1,1,1,1,1,1,1,1,0,0,2019-01-01
a4b0f734-1cf2-41e7-88fd-a94ceb8d1505,1,1,1,1,1,1,1,1,1,1,1,0,0,2019-01-01
23dc5851-357d-4fa0-984b-2e81aca308a5,1,1,1,1,1,1,1,1,1,1,1,0,0,2019-01-01
7cefc0b8-0126-4022-a865-d2a8c0323c7c,1,1,1,1,1,1,1,1,1,1,1,0,0,2019-01-01
bd29ef54-c4a9-4df5-8996-8790fd99c581,1,1,1,1,1,1,1,1,1,1,1,1,1,2019-05-02
a6bed829-846c-4d0f-906b-1761bc1eaa93,1,1,1,1,1,1,1,1,1,1,1,1,1,2019-05-08
6e3e08f6-fde6-4946-ba09-257f9b2f1036,1,1,1,1,1,1,1,1,1,1,1,1,1,2019-05-08
710f3a9b-b0c8-4b40-9469-d7060071e23e,1,1,1,1,1,1,1,1,1,1,1,1,1,2019-05-08
f4d1d4d5-e5dd-4ee2-8225-f3d82e019948,1,1,1,1,1,1,1,1,1,1,1,0,0,2019-01-01
5ab060d1-dbcd-4fd3-9de0-751c6739d4f9,1,1,1,1,1,1,1,1,1,1,1,0,0,2019-01-01
8357bd0a-8bd6-44ce-a448-74985e7d7293,1,1,1,1,1,1,1,1,1,1,1,1,1,2019-05-08
e2a35bc5-0997-438b-accc-ace6aa80b3dc,1,1,1,1,1,1,1,1,1,1,1,0,0,2019-01-01
fbef4e21-4b88-477f-8b57-cbfba43f1a07,1,1,1,1,1,1,1,1,1,1,1,0,0,2019-01-01
94d2953d-0d95-4661-b9b3-a8854a453232,1,1,1,1,1,1,1,1,1,1,1,0,0,2019-01-01
5298f536-a8f7-43a7-b6ea-a17f4feb8932,1,1,1,1,1,1,1,1,1,1,1,0,0,2019-01-01
61d1cb94-3556-4b0d-95c6-02fff542f54c,1,1,1,1,1,1,1,1,1,1,1,0,0,2019-01-01
3b456505-e03b-4408-995b-f3bbe0040bd6,1,1,1,1,1,1,1,1,1,1,1,0,0,2019-01-01
24d38186-449b-4c9f-b63b-9a5c14548b12,1,1,1,1,1,1,1,1,1,1,1,1,1,2019-05-07
038a8818-af12-4a9f-a6bd-772d8d79d68f,1,1,1,1,1,1,1,1,1,1,1,1,1,2019-05-07
6ec3c7f5-6233-48f6-b36a-06b867edbadd,1,1,1,1,1,1,1,1,1,1,1,1,1,2019-05-13
e082b10e-476f-43c1-aa61-f8d92f33029a,1,1,1,1,1,1,1,1,1,1,1,1,1,2019-05-16
1d215bab-232f-4e0a-add3-c2959815f536,1,1,1,1,1,1,1,1,1,1,1,1,1,2019-05-07
dedd0a3d-9e20-4381-b5e1-bb2909ef50ec,1,1,1,1,1,1,1,1,1,1,1,1,1,2019-05-07
3191907d-0dc6-4c34-823e-440d30e52ca8,1,1,1,1,1,1,1,1,1,1,1,1,1,2019-05-07
c47e7a5b-692d-4e26-a32f-74b0188eb594,1,1,1,1,1,1,1,1,1,1,1,1,1,2019-05-13
c4a654a1-24ef-4e39-83f8-77817a593c27,1,1,1,1,1,1,1,1,0,1,1,0,1,2019-05-07T05:44:31Z_header
ab3bab2b-6bf0-4368-bb95-fb1fe0b900e2,1,1,1,1,1,1,1,1,1,1,1,0,0,2019-01-01
f32a6f5a-0c9f-43c4-a273-4bc325ece96e,1,1,1,1,1,1,1,1,1,1,1,0,0,2019-01-01
20ab611b-e7f3-4b2d-b87a-1c91e0861597,1,1,1,1,1,1,1,1,1,1,1,0,0,2019-01-01
c784ba5b-491f-4d1d-8a44-0dc457889087,1,1,1,1,1,1,1,1,1,1,1,1,0,2019-05-06
1c37eefc-6e7c-49a5-9ea1-f1e9eefb07bc,1,1,1,1,1,1,1,1,1,1,1,1,0,2019-05-06
95f8be9e-48a3-490b-8bd8-b03cc775b14e,1,1,1,1,1,1,1,1,1,1,1,1,1,2019-05-06
60954cb1-3b60-48e7-a2c1-75ffcb6d16cd,1,1,1,1,1,1,1,1,1,1,1,1,1,2019-05-06
383f0153-bf15-420e-bc44-bfac2e421b0a,1,1,1,1,1,1,1,1,1,1,1,0,0,2019-01-01
475fd53e-c5c6-4a99-bb2e-cc2382f0171f,1,1,1,1,1,1,1,1,1,1,1,0,0,2019-01-01
ea727a9b-324b-4c6b-a625-bc7cdd204473,1,1,1,1,1,1,1,1,1,1,1,0,0,2019-01-01
0bffa033-64f0-4e6f-ba44-287e52d7c2f9,1,1,1,1,1,1,1,1,1,1,1,0,0,2019-01-01
3412de46-ed80-42c1-9e7b-42a1e040e66e,1,1,1,1,1,1,1,1,1,1,1,1,1,2019-05-06
e8f929c6-25f2-46dd-bab1-7968b4d624f5,1,1,1,1,1,1,1,1,1,1,1,1,1,2019-05-05
95c92a35-4d40-4927-9b07-f3412606ba0b,1,1,1,1,1,1,1,1,1,1,1,0,0,2019-01-01
3fc46d02-9b74-434b-a777-46d70967d61f,1,1,1,1,1,1,1,1,1,1,1,0,0,2019-01-01
fc37cfdb-169d-4bdd-8c2e-8eecfee1892e,1,1,1,1,1,1,1,1,1,1,1,0,0,2019-01-01
74878f8c-0179-4795-a9b5-ebc0a76fb82b,1,1,1,1,1,1,1,1,1,1,1,0,0,2019-01-01
1f3b440b-6bb4-422e-9163-88a2ccb80e93,1,1,1,1,1,1,1,1,1,1,1,0,0,2019-01-01
ddbfb01d-0c39-4aa6-a343-37929a157fa7,1,1,1,1,1,1,1,1,1,1,1,1,1,2019-05-03
5980f768-4730-4688-bcb7-f5ee256bd560,1,1,1,1,1,1,1,1,1,1,1,1,1,2019-05-03
af98f926-16e4-4c9f-b7c2-3057d8a83ecc,1,1,1,1,1,1,1,1,1,1,1,1,1,2019-05-03
fd38f642-c580-42af-8ef3-1ce72c92e2a8,1,1,1,1,1,1,1,1,1,1,1,1,1,2019-05-03
0590308e-ca1c-461e-ab69-794807f3f113,1,1,1,1,1,1,1,1,1,1,1,1,1,2019-05-03
f074862e-ad6a-43da-9e42-c548373ae2a8,1,1,1,1,1,1,1,1,1,1,1,1,1,2019-05-03
aaf39fff-13a8-4c8e-96f7-b58fee2add74,1,1,1,1,1,1,1,1,1,1,1,1,1,2019-05-03
9ebca80a-2f06-4aad-b129-a588f297c02e,1,1,1,1,1,1,1,1,1,1,1,1,1,2019-05-03
3591aca3-efc1-4d65-8def-12abcb5d0481,1,1,1,1,1,1,1,1,1,1,1,1,1,2019-05-08
25c6f98b-1820-4822-b575-a192eec9c321,1,1,1,1,1,1,1,1,1,1,1,1,1,2019-05-03
f1ab0312-f0f8-4a86-a0e4-4e3907ab7b2b,1,1,1,1,1,1,1,1,1,1,1,1,1,2019-05-03
c40073c3-5153-42fe-9d59-41ad55cf577b,1,1,1,1,1,1,1,1,0,1,1,0,0,2019-05-03T14:37:53Z_header
1b4f3056-a565-4b7e-abff-a996105000e5,1,1,1,1,1,1,1,1,1,1,1,1,1,2019-05-03
cb288575-93a8-4e59-86fd-ee6bae784b6a,1,1,1,1,1,1,1,1,1,1,1,0,0,2019-01-01
7f27ceda-811e-476e-a5f2-304ae6f20248,1,1,1,1,1,1,1,1,1,1,1,0,0,2019-04-25
9aef6cdf-6730-4871-a1d4-e8d999106891,1,1,1,1,1,1,1,1,1,1,1,0,0,2019-04-25
fb635a5a-5a78-4a5c-8d05-084ccb61b4a8,1,1,1,1,1,1,1,1,0,1,1,0,0,2019-05-03T05:03:39Z_header
c7138670-a82f-4002-8d39-723dee419bd6,1,1,1,1,1,1,1,1,1,1,1,1,1,2019-04-23
f0c4c2ef-7b93-4b7b-b77d-51e5aff9baf1,1,1,1,1,1,1,1,1,1,1,1,1,1,2019-05-02
e5b03456-78b2-4ceb-8d3e-3a6860c23d03,1,1,1,1,1,1,1,1,1,1,1,1,1,2019-05-02
e2997269-eb19-4667-812e-b35168fa0e6d,1,1,1,1,1,1,1,1,1,1,1,1,1,2019-05-02
6c653621-ca42-4a8b-9ca0-0192af0dff55,1,1,1,1,1,1,1,1,1,1,1,1,1,2019-05-02
692abfb0-83ab-4e52-a547-50c77ccf25ef,1,1,1,1,1,1,1,1,1,1,1,1,1,2019-05-02
4bcb414c-93b6-4917-b6cb-89dd4f9bb72a,1,1,1,1,1,1,1,1,1,1,1,0,0,2019-01-01
b12b6eed-6d17-4e2b-b290-f5c01bf79271,1,1,1,1,1,1,1,1,1,1,1,0,0,2019-01-01
30edcc13-bdfb-418e-94d7-7b1afdd79879,1,1,1,1,1,1,1,1,1,1,1,0,0,2019-01-01
24d2faef-3835-413e-a306-b1d39b801fd3,1,1,1,1,1,1,1,1,1,1,1,0,0,2019-01-01
e5152ce0-a14b-4e7a-a676-26b4765bc49c,1,1,1,1,1,1,1,1,1,1,1,0,0,2019-01-01
ed2118ff-0995-455d-a2a8-a25971b4e885,1,1,1,1,1,1,1,1,1,1,1,0,0,2019-01-01
8b291b94-8022-4966-b1cd-d430c54e31b8,1,1,1,1,1,1,1,1,1,1,1,0,0,2019-01-01
b8f0b37f-f893-416c-881b-9663bc16e2c7,1,1,1,1,1,1,1,1,1,1,1,0,0,2019-01-01
162fd3ef-01e7-42aa-aec3-2119d32eaead,1,1,1,1,1,1,1,1,1,1,1,0,0,2019-01-01
c09c8f15-cfb2-42c9-861b-fc823ba28ae4,1,1,1,1,1,1,1,1,1,1,1,0,0,2019-01-01
07a203b7-21a7-4c01-b8a4-cf906f4bc1c0,1,1,1,1,1,1,1,1,0,1,1,0,0,2019-05-01T11:53:41Z_header
6f6b1102-5baa-4e24-86be-073a90b14db0,1,1,1,1,1,1,1,1,0,1,1,0,0,2019-05-01T11:52:49Z_header
d8837133-c1e6-4024-b530-3de27907aa51,1,1,1,1,1,1,1,1,1,1,1,0,0,2019-01-01
999351db-f419-48f9-8488-22ee9b484a96,1,1,1,1,1,1,1,1,1,1,1,0,0,2019-01-01
e0c6aebb-8662-4f01-b3a6-2599244f8496,1,1,1,1,1,1,1,1,1,1,1,0,0,2019-01-01
f675bc2f-4402-4f94-89da-bf9573c1b6a1,1,1,1,1,1,1,1,1,1,1,1,0,0,2019-01-01
184fc69e-fa6d-4f58-8379-2964618fedd3,1,1,1,1,1,1,1,1,1,1,1,0,0,2019-01-01
d12c21d6-1cae-4ce8-bb72-4337dab30187,1,1,1,1,1,1,1,1,1,1,1,0,0,2019-01-01
64c1a738-381b-4ba2-bc35-317d756e6a29,1,1,1,1,1,1,1,1,1,1,1,0,0,2019-01-01
ae88e6e0-1003-4216-bfc2-b41050ca7fde,1,1,1,1,1,1,1,1,1,1,1,1,1,2019-04-30
7582ffb2-2059-450a-96f6-4a7c0cffe6b7,1,1,1,1,1,1,1,1,1,1,1,1,1,2019-04-30
b80cd0f8-bd35-423e-98fc-8138a2b807a5,1,1,1,1,1,1,1,1,1,1,1,0,0,2019-01-01
cc4eb71a-ad6e-41f3-b22c-e2269746e03f,1,1,1,1,1,1,1,1,1,1,1,0,0,2019-01-01
5d3bd3a3-b4b6-41f5-968d-8b8f99340800,1,1,1,1,1,1,1,1,1,1,1,1,1,2019-04-29
fe1e8d55-615e-4334-93f3-325eda0627ab,1,1,1,1,1,1,1,1,1,1,1,1,0,2019-04-29
8033dd89-8e40-46af-98ff-e82fbdc16b11,1,1,1,1,1,1,1,1,1,1,1,1,1,2019-04-29
b6373d58-fcbe-4fed-96cf-d7166131ba8e,1,1,1,1,1,1,1,1,1,1,1,1,1,2019-04-28
ee37f1cd-9359-4d8f-ad7e-22e3ac4a740c,1,1,1,1,1,1,1,1,1,1,1,1,1,2019-04-29
cdae16b5-d07e-49eb-8871-ca7ed9dda760,1,1,1,1,1,1,1,1,1,1,1,0,0,2019-01-01
4c0a9d8b-60b2-436e-8a83-2d5a95bd8e54,1,1,1,1,1,1,1,1,1,1,1,0,0,2019-01-01
de19f321-d911-4fd4-9912-ab958efec458,1,1,1,1,1,1,1,1,1,1,1,0,0,2019-01-01
d5897ff7-4917-47c6-9bed-91c1e3f431fd,1,1,1,1,1,1,1,1,1,1,1,0,0,2019-01-01
5ed08b95-646d-41d0-bcf6-54ff44603e27,1,1,1,1,1,1,1,1,1,1,1,0,0,2019-01-01
9dfbe7ab-f1ae-49ff-af7b-14dff6879995,1,1,1,1,1,1,1,1,1,1,1,0,0,2019-01-01
bdc80cd9-35d8-4b23-9df1-e8b1c50229a5,1,1,1,1,1,1,1,1,1,1,1,1,1,2019-04-27
878a1a2d-79d3-4a58-9f6f-ddbb5e70d33c,1,1,1,1,1,1,1,1,1,1,1,0,0,1919-01-01
d443112e-fb27-42f3-b478-4c44f8090b18,1,1,1,1,1,1,1,1,1,1,1,0,0,2008-01-01
e20ddd1a-b2ed-473c-ad39-a8f2bbabba66,1,1,1,1,1,1,1,1,1,1,1,0,0,2019-01-01
3c18c500-1dd3-4e7c-a2c8-88e5567235d3,1,1,1,1,1,1,1,1,1,1,1,1,1,2019-04-26
4a8c93cb-53fb-428d-a836-4ce42b23fd50,1,1,1,1,1,1,1,1,1,1,1,0,0,2019-01-01
4782ac6a-98e7-435d-be7a-425f034b2b88,1,1,1,1,1,1,1,1,1,1,1,0,0,2019-01-01
f6b72893-383e-488f-bab3-51496f6fe5b5,1,1,1,1,1,1,1,1,1,1,1,0,0,2019-01-01
200ef741-1d88-4e22-a7c3-60c863a90798,1,1,1,1,1,1,1,1,1,1,1,0,0,2019-01-01
a438c895-d898-411c-95f5-964d0a6d4f0b,1,1,1,1,1,1,1,1,1,1,1,0,0,2019-01-01
833c2bc0-2a29-4efa-9058-04bcf3e7beed,1,1,1,1,1,1,1,1,1,1,1,0,0,2019-01-01
bb837a7a-0555-4c18-9db3-91d5a2087b62,1,1,1,1,1,1,1,1,1,1,1,0,0,2019-01-01
b50dc923-c656-4a46-b935-7262e6006da4,1,1,1,1,1,1,1,1,1,1,1,0,0,2019-01-01
e63bf0e7-dcd8-42a0-858c-606a75e91c0c,1,1,1,1,1,1,1,1,1,1,1,0,0,2019-01-01
445ce82a-c971-4b27-b2a0-f0717756e9e5,1,1,1,1,1,1,1,1,1,1,1,0,0,2019-01-01
1203409a-4d81-43df-838f-63414ae7ff10,1,1,1,1,1,1,1,1,1,1,1,0,0,2019-01-01
4f3f1965-6d8b-4382-8657-50b1d38e1f2e,1,1,1,1,1,1,1,1,1,1,1,0,0,2019-01-01
5ae498c8-8199-4227-a5df-09ae40face89,1,1,1,1,1,1,1,1,1,1,1,0,0,2019-01-01
8e02bc0d-5e3e-48fe-8e53-460dba7b7a53,1,1,1,1,1,1,1,1,1,1,1,0,0,2019-01-01
d6c1c011-5858-4339-b444-f99176fbcde5,1,1,1,1,1,1,1,1,1,1,1,0,0,2019-01-01
0a67588b-3d73-4758-bdb8-d273a4b52b20,1,1,1,1,1,1,1,1,1,1,1,0,0,2019-01-01
55b8b573-dbb6-46d2-a514-8e6cf2e69b30,1,1,1,1,1,1,1,1,1,1,1,0,0,2019-01-01
2164a0b8-da51-44d1-9f83-8f65276c7385,1,1,1,1,1,1,1,1,1,1,1,0,0,2019-01-01
393320d9-8fc2-4f7f-a2d9-0d7e46db0f0c,1,1,1,1,1,1,1,1,1,1,1,0,0,2019-01-01
aead3866-8651-4773-9221-4806a4a0180d,1,1,1,1,1,1,1,1,1,1,1,0,0,2019-01-01
30b2e4dc-5996-46b6-8be8-7bccdd041563,1,1,1,1,1,1,1,1,1,1,1,0,0,2019-01-01
d21bedeb-4bcc-4dd5-aefd-5426ba5abaf4,1,1,1,1,1,1,1,1,1,1,1,0,0,2019-01-01
7248a2da-65b9-48f4-ada8-6eaab245ba84,1,1,1,1,1,1,1,1,1,1,1,1,1,2019-04-25
d6d71532-ee3a-4fc9-ae84-0d5505913dd0,1,1,1,1,1,1,1,1,1,1,1,1,1,2019-04-25
d2f461a2-fddf-4a06-bb8e-f61ddbf045b2,1,1,1,1,1,1,1,1,1,1,1,1,1,2019-04-25
4b9b785d-bfdc-4151-a424-96facf42b590,1,1,1,1,1,0,1,0,0,1,1,0,0,2019-04-25T12:00:03Z_header
48cb0337-b711-4995-9da9-c5bae58e27e1,1,1,1,1,1,1,1,1,1,1,1,1,1,2019-04-15
2a5ffdff-7c1b-4a3d-a201-59ac0c99aab5,1,1,1,1,1,1,1,1,1,1,1,1,1,2019-04-24
54c1703c-f366-41f6-b467-ff346a5cba4d,1,1,1,1,1,1,1,1,1,1,1,0,0,2019-01-01
de14dab5-2961-423b-867f-5a4a48d8bb3e,1,1,1,1,1,1,1,1,1,1,1,0,0,2019-01-01
686aa187-2d1e-4419-ab18-45a727992a7a,1,1,1,1,1,1,1,1,1,1,1,0,0,2019-01-01
4aa2b74f-0cea-441e-a363-b6a8787df65b,1,1,1,1,1,1,1,1,1,1,1,0,0,2019-01-01
a3fc724a-3055-40e6-82d1-7a44531ddff7,1,1,1,1,1,1,1,1,1,1,1,1,1,2019-04-24
c6f362bc-4d6b-4e3a-b69a-a9e8392e6756,1,1,1,1,1,1,1,1,1,1,1,0,0,2019-01-01
2ad1e009-c1c5-4004-b5a7-ee77f100a47d,1,1,1,1,1,0,1,0,0,1,1,0,0,2019-04-24T11:41:31Z_header
1802be83-dc4a-4ea8-83b0-07fd073b105e,1,1,1,1,1,0,1,0,0,1,1,0,0,2019-04-24T11:41:00Z_header
cf2dcb75-0688-412b-a00d-59789e0768b4,1,1,1,1,1,1,1,1,1,1,1,0,0,2019-01-31
0f127474-67c6-4e4f-8bd6-74de0963e53b,1,1,1,1,1,1,1,1,1,1,1,0,0,2019-01-10
aa75de79-4c0a-42ad-a0d0-61556df0d88c,1,1,1,1,1,0,1,0,0,1,1,0,0,2019-04-24T08:24:07Z_header
b4a598ea-a13c-4250-bd0f-9d60ab5ada21,1,1,1,1,1,0,1,0,0,1,1,0,0,2019-04-24T08:23:36Z_header
902380c3-f622-4107-82fc-28f5e081b3d6,1,1,1,1,1,1,1,1,1,1,1,0,0,2019-01-01
7fec81ef-2ff9-4c5c-9dda-338cfa2dc4fb,1,1,1,1,1,1,1,1,1,1,1,0,0,2019-04-10
4fb06695-018f-4bc4-bde8-9a52814e130a,1,1,1,1,1,1,1,1,1,1,1,1,1,2019-04-29
853b94ac-43aa-407c-abdf-f9dde211e758,1,1,1,1,1,1,1,1,1,1,1,1,1,2019-04-29
fc61dc57-1412-4159-993c-ab550176e1c6,1,1,1,1,1,1,1,1,1,1,1,0,0,2019-01-01
ac2013d2-401a-4317-b2c0-e4efdaed4341,1,1,1,1,1,1,1,1,1,1,1,0,0,2019-01-01
929eb10b-732f-4247-b899-4e3e5681cb4b,1,1,1,1,1,1,1,1,0,1,1,0,0,2019-04-23T17:17:58Z_header
3858f505-2693-4327-81c0-12148a3a810f,1,1,1,1,1,1,1,1,1,1,1,1,1,2019-05-14
24b5d45f-2349-4c99-a20b-c676cf2f533d,1,1,1,1,1,1,1,1,1,1,1,1,1,2019-05-07
97ce9818-7028-42a0-9743-ccb5897dec1f,1,1,1,1,1,1,1,1,1,1,1,0,0,2019-04-23
61ed507f-4204-43c6-b463-d2db06d01b5e,1,1,1,1,1,1,1,1,1,1,1,0,0,2019-04-23
10dc31e8-9f00-4b54-92f4-0c3c46e0c0e2,1,1,1,1,1,1,1,1,1,1,1,0,0,2019-01-01
006a2c5e-6cb3-4ae6-a4f1-bd7f4d4b2f8a,1,1,1,1,1,1,1,1,1,1,1,0,0,2019-01-01
d05987e2-6008-4deb-9773-1d988013beba,1,1,1,1,1,1,1,1,1,1,1,0,0,2019-01-01
c4cfdf82-f7f0-42c0-b966-3f69d23daed3,1,1,1,1,1,1,1,1,1,1,1,0,0,2019-01-01
42d8c42b-cc7c-4c9e-9828-1a73f9eedc4c,1,1,1,1,1,1,1,1,1,1,1,0,0,2019-01-01
7e67aad1-4b75-4cdd-b9a9-e2950ff82bcb,1,1,1,1,1,1,1,1,1,1,1,0,0,2019-01-01
02ddbbb4-cca3-4f20-bd5b-c70e09b1681f,1,1,1,1,1,1,1,1,1,1,1,0,0,2019-01-01
78fa0540-bfb3-4c88-a84d-eb9c203779cc,1,1,1,1,1,1,1,1,1,1,1,0,0,2019-01-01
f2507102-8b9c-4f7c-b171-a415768baafd,1,1,1,1,1,1,1,1,1,1,1,0,0,2019-01-01
915dc71e-0d15-4a61-a2e7-f24bc6d647e1,1,1,1,1,1,1,1,1,1,1,1,0,0,2019-01-01
8133cb54-f817-4f3f-a4da-986f7475816a,1,1,1,1,1,1,1,1,1,1,1,0,0,2019-01-01
cf261dca-6d23-4d65-8096-07d52b073142,1,1,1,1,1,1,1,1,1,1,1,0,0,2019-01-01
f6ab5d22-42cb-4453-a2ec-a2719ebe2805,1,1,1,1,1,1,1,1,1,1,1,0,0,2019-01-01
7e6ef669-acf2-4b7f-8df0-b08c78f4df74,1,1,1,1,1,1,1,1,1,1,1,0,0,2019-01-01
6abb9acd-8867-41c1-9258-d57acc5c54d5,1,1,1,1,1,1,1,1,1,1,1,0,0,2019-01-01
de6b9a87-5220-469b-9ee1-1f5f44ce8314,1,1,1,1,1,1,1,1,1,1,1,0,0,2019-01-01
01d28467-87a1-4d64-ba40-4e3e1cc9091b,1,1,1,1,1,1,1,1,1,1,1,1,1,2019-04-19
042051f6-e602-4281-8ac3-d683811f0631,1,1,1,1,1,1,1,1,1,1,1,0,0,2019-03-11
b516bc56-ff41-418e-9a19-3e4b00418651,1,1,1,1,1,1,1,1,1,1,1,0,1,2018-01-01
aade9a88-65f1-48d3-985f-43d4d4ace1a8,1,1,1,1,1,1,1,1,1,1,1,0,0,2006-01-01
91632c26-bc53-48bc-86ef-7ba516964f61,1,1,1,1,1,1,1,1,1,1,1,0,0,2006-01-01
49a7912a-a125-46eb-91a4-0c5fb338a716,1,1,1,1,1,1,1,1,1,1,1,0,0,2006-01-01
aa185dd6-7178-4f5b-9c0a-46ca56094d89,1,1,1,1,1,1,1,1,1,1,1,0,0,2006-01-01
a6f58ea7-5377-456b-8386-04784c3776f0,1,1,1,1,1,1,1,1,1,1,1,0,0,2006-01-01
be9575c6-3e25-4bc4-82e4-a24ca354eeb9,1,1,1,1,1,1,1,1,1,1,1,0,0,2006-01-01
dc89386b-3791-4ac2-948a-73f69552b3a9,1,1,1,1,1,1,1,1,1,1,1,0,0,2006-01-01
30f3fb6e-6096-4540-906d-3153d5eb586d,1,1,1,1,1,1,1,1,1,1,1,0,0,2006-01-01
b655a33e-8944-4d0b-bc72-87d62f5c2c78,1,1,1,1,1,1,1,1,1,1,1,0,0,2006-01-01
30f96cf9-2d23-4242-9139-74162f72ac48,1,1,1,1,1,1,1,1,1,1,1,0,0,2006-01-01
9cfb392b-d6e9-431d-bcc4-598698ad1763,1,1,1,1,1,1,1,1,1,1,1,0,0,2006-01-01
fd7a2fb7-5a37-4c63-b213-ca05c6f3b36b,1,1,1,1,1,1,1,1,1,1,1,0,0,2006-01-01
c2af20fb-e5f9-4f23-b847-ec08829d8fe6,1,1,1,1,1,1,1,1,1,1,1,0,0,2006-01-01
b1dcd976-f722-486a-8da8-75fb69e6b14f,1,1,1,1,1,1,1,1,1,1,1,0,0,2006-01-01
4a45f44e-9b26-4cdc-82bc-a09715405e46,1,1,1,1,1,1,1,1,1,1,1,0,0,2006-01-01
93210fd7-9e59-4d05-91a1-d23a9ff514ea,1,1,1,1,1,1,1,1,1,1,1,0,0,2006-01-01
ec237124-bee6-45b1-ba36-2b9a915996b3,1,1,1,1,1,1,1,1,1,1,1,0,0,2006-01-01
8808813a-0c82-4a03-858b-19a6dca9eb5e,1,1,1,1,1,1,1,1,1,1,1,0,0,2006-01-01
4ffcf039-158f-4843-8a62-a4b4169a1992,1,1,1,1,1,1,1,1,1,1,1,0,0,2006-01-01
1393a7bd-6860-4916-96f0-593ecbe197f7,1,1,1,1,1,1,1,1,1,1,1,0,0,2006-01-01
041d75f1-4053-4528-9d19-9efee178c59b,1,1,1,1,1,1,1,1,1,1,1,0,0,2006-01-01
e62219d2-9e17-47c5-a182-4d39e35f1b49,1,1,1,1,1,1,1,1,1,1,1,0,0,2006-01-01
06673f41-b1ca-4c1b-8d70-6fd459478809,1,1,1,1,1,1,1,1,1,1,1,0,0,2006-01-01
6db7c63d-267c-4441-8de7-345870b651d2,1,1,1,1,1,1,1,1,1,1,1,0,0,2006-01-01
ec561977-c515-476a-b1e0-3804a5067d47,1,1,1,1,1,1,1,1,1,1,1,0,0,2006-01-01
829b4da2-7155-4c66-b7ab-be77a36dba83,1,1,1,1,1,1,1,1,1,1,1,0,0,2006-01-01
d0bac44f-47cf-4d75-a32c-7c97c59bf74e,1,1,1,1,1,1,1,1,1,1,1,0,0,2006-01-01
4c9ede5c-44e0-49b0-8a3c-9f176c8935bc,1,1,1,1,1,1,1,1,1,1,1,0,0,2006-01-01
e9c8de3b-29ac-47e7-98de-3c62d709d52a,1,1,1,1,1,1,1,1,1,1,1,0,0,2006-01-01
9f3e8dab-302c-4d15-a2e6-15ea54342f43,1,1,1,1,1,1,1,1,1,1,1,0,0,2006-01-01
b120c39b-e965-4827-9fd4-ef2d98b8e594,1,1,1,1,1,1,1,1,1,1,1,0,0,2006-01-01
2c234fee-9c05-4a6c-bd50-438312240644,1,1,1,1,1,1,1,1,1,1,1,0,0,2006-01-01
1a869128-f012-4e30-867a-a1f950e6e990,1,1,1,1,1,1,1,1,1,1,1,0,0,2006-01-01
76598eec-0e1e-49ec-8851-641649512277,1,1,1,1,1,1,1,1,1,1,1,0,0,2006-01-01
df49d6da-ad36-4b37-a437-c69a6edf61d7,1,1,1,1,1,1,1,1,1,1,1,0,0,2006-01-01
366afc15-fa1b-4a2d-ab0b-c0742ad3832e,1,1,1,1,1,1,1,1,1,1,1,0,0,2006-01-01
ddf30015-d3f1-40dd-b5c8-245868656e4a,1,1,1,1,1,1,1,1,1,1,1,0,0,2006-01-01
ab59b6ef-83ac-459c-b397-dd5d9df689b7,1,1,1,1,1,1,1,1,1,1,1,0,0,2006-01-01
473e530c-0d8d-48d0-ba64-67c50157c188,1,1,1,1,1,1,1,1,1,1,1,0,0,2006-01-01
8cc3a74b-6739-461a-92ab-fa05a585a405,1,1,1,1,1,1,1,1,1,1,1,0,0,2006-01-01
1d66d703-6d9f-4a50-a565-a67c895588da,1,1,1,1,1,1,1,1,1,1,1,0,0,2006-01-01
43b037aa-03cf-441a-8947-ed778b5ccfac,1,1,1,1,1,1,1,1,1,1,1,0,0,2006-01-01
225be4d7-365e-43db-bd69-8864262e10a8,1,1,1,1,1,1,1,1,1,1,1,0,0,2006-01-01
537940a7-a7f2-44ce-9d00-1b702bc9cd96,1,1,1,1,1,1,1,1,1,1,1,0,0,2006-01-01
f4ca459b-ff7e-4517-86fa-75402b6d2d7d,1,1,1,1,1,1,1,1,1,1,1,0,0,2006-01-01
6bf97383-b199-4676-96bd-49d292d4bde7,1,1,1,1,1,1,1,1,1,1,1,0,0,2006-01-01
ac8de351-7c23-4c56-8e74-5714c75c2522,1,1,1,1,1,1,1,1,1,1,1,0,0,2006-01-01
9a362496-980d-4b2e-9fbb-02d6269d1ec0,1,1,1,1,1,1,1,1,1,1,1,0,0,2006-01-01
2b4edea6-ee80-4af1-bc9c-9ff9df332148,1,1,1,1,1,1,1,1,1,1,1,0,0,2006-01-01
e1f8ac3d-f514-45e2-8d70-7ffa3430741f,1,1,1,1,1,1,1,1,1,1,1,0,0,2006-01-01
4ba9c308-cd35-450c-a20d-19ee31d92e89,1,1,1,1,1,1,1,1,1,1,1,0,0,2006-01-01
192e8f24-1707-4f0a-851a-4e736c78292d,1,1,1,1,1,1,1,1,1,1,1,0,0,2006-01-01
2c9e23a9-5adf-4091-a5a8-0655938f9a0f,1,1,1,1,1,1,1,1,1,1,1,0,0,2006-01-01
bf9f9a0e-9d7b-46d1-a463-a695b79dffc7,1,1,1,1,1,1,1,1,1,1,1,0,0,2006-01-01
6fdc6a27-0f98-454c-8f0a-4be3f202b312,1,1,1,1,1,1,1,1,1,1,1,0,0,2006-01-01
748a53c9-cd20-4bda-a383-043d270f549c,1,1,1,1,1,1,1,1,1,1,1,0,0,2006-01-01
f1195456-24f4-4762-88d5-c4ffe863e07e,1,1,1,1,1,1,1,1,1,1,1,0,0,2006-01-01
0ad3be00-68a2-490e-bd84-d96ef645fe2e,1,1,1,1,1,1,1,1,1,1,1,0,0,2006-01-01
e1ec4acf-3db4-4cd9-97fa-5645a0685e5b,1,1,1,1,1,1,1,1,1,1,1,0,0,2006-01-01
d012c38c-05b2-40ca-bba5-1753d6d8d543,1,1,1,1,1,1,1,1,1,1,1,0,0,2006-01-01
08fb4170-35b0-4c30-b9e1-89cfa4925313,1,1,1,1,1,1,1,1,1,1,1,0,0,2006-01-01
303765bf-2b25-4f0f-8e34-c1968243e834,1,1,1,1,1,1,1,1,1,1,1,0,0,2006-01-01
c0f11974-9286-442b-85d3-bfd8b561a78d,1,1,1,1,1,1,1,1,1,1,1,0,0,2006-01-01
433bfc26-5b08-49bc-806c-bff705808511,1,1,1,1,1,1,1,1,1,1,1,0,0,2006-01-01
52f3e82f-ad51-41ac-948d-5e72d29f551f,1,1,1,1,1,1,1,1,1,1,1,0,0,2006-01-01
269f79b2-c909-42d4-b619-dbaa9e0bf2d3,1,1,1,1,1,1,1,1,1,1,1,0,0,2006-01-01
e7ded2a6-58db-4237-83a9-14a8f0cd1799,1,1,1,1,1,1,1,1,1,1,1,0,0,2006-01-01
8d6783eb-cfb7-4a21-beee-187bb7ba97bc,1,1,1,1,1,1,1,1,1,1,1,0,0,2006-01-01
ba033418-9a5b-4bec-9da6-350f8501d71b,1,1,1,1,1,1,1,1,1,1,1,0,0,2006-01-01
e19b6b64-b0ad-4a54-be72-029aa3fc672a,1,1,1,1,1,1,1,1,1,1,1,0,0,2006-01-01
b0d92a8d-4eef-4a58-83a9-e7f3fa078ef0,1,1,1,1,1,1,1,1,1,1,1,0,0,2006-01-01
b2b77bad-cf88-43e1-9300-69d35afd2d0a,1,1,1,1,1,1,1,1,1,1,1,0,0,2006-01-01
d8c8eaa7-a282-4d37-8285-8f6a19f6970f,1,1,1,1,1,1,1,1,1,1,1,0,0,2006-01-01
1277a981-e80a-4159-9e4e-f9dfe7e5e10c,1,1,1,1,1,1,1,1,1,1,1,0,0,2006-01-01
727232c0-d4a6-4959-b04d-3ae146281fd8,1,1,1,1,1,1,1,1,1,1,1,0,0,2006-01-01
887812f6-db65-401a-a7ac-c3ad96c1aa34,1,1,1,1,1,1,1,1,1,1,1,0,0,2006-01-01
8e11b0e4-e2b1-4d1f-9790-ddbe3d307575,1,1,1,1,1,1,1,1,1,1,1,0,0,2006-01-01
24fd05d3-c5e4-418e-bfe6-ea0b80a0ff0a,1,1,1,1,1,1,1,1,1,1,1,0,0,2006-01-01
f40d7b27-e327-47af-be53-4d7c557aa79f,1,1,1,1,1,1,1,1,1,1,1,0,0,2006-01-01
0aaba6ec-9b0d-49be-8ffa-36aedb1720b2,1,1,1,1,1,1,1,1,1,1,1,0,0,2006-01-01
af431176-c0a7-422e-9ed8-d4162dc364ae,1,1,1,1,1,1,1,1,1,1,1,0,0,2006-01-01
4b429b63-7518-4b78-aa73-227e33008116,1,1,1,1,1,1,1,1,1,1,1,0,0,2006-01-01
59870e66-a888-4d8a-8db8-b133dddfcf96,1,1,1,1,1,1,1,1,1,1,1,0,0,2006-01-01
5523cf76-15b9-481e-9e0b-75b212360c15,1,1,1,1,1,1,1,1,1,1,1,0,0,2006-01-01
fa1491f3-0298-4189-ab75-a4cc0391fe89,1,1,1,1,1,1,1,1,1,1,1,0,0,2006-01-01
0e5da2ee-ab64-4a9c-9264-168198db0e19,1,1,1,1,1,1,1,1,1,1,1,0,0,2006-01-01
92cac4e0-5905-4dd6-8818-8b36f1d2e7a1,1,1,1,1,1,1,1,1,1,1,1,0,0,2006-01-01
834018f9-03b1-42ad-b6e2-5c292ac0dddd,1,1,1,1,1,1,1,1,1,1,1,0,0,2011-01-01
cd07c5fc-96bc-4431-9a6f-241fe3affb4b,1,1,1,1,1,1,1,1,1,1,1,0,0,2012-01-01
71cfd412-6327-4ec7-8035-d8b2d0509ac5,1,1,1,1,1,1,1,1,1,1,1,1,1,2019-05-07
3c6556e1-0719-4007-b220-15ba5ee33612,1,1,1,1,1,1,1,1,1,1,1,0,0,2019-01-01
a469ea9d-153e-48a6-b317-5fc221ac5660,1,1,1,1,1,1,1,1,1,1,1,0,0,2019-01-01
224b9528-9f40-4c79-b9e4-c887bd65df64,1,1,1,1,1,1,1,1,1,1,1,0,0,2019-01-01
a27f5125-b319-41fb-9fc6-4508fd96183c,1,1,1,1,1,1,1,1,1,1,1,0,0,2019-01-01
d698852c-791b-47b6-ac13-056ec833e5f6,1,1,1,1,1,1,1,1,1,1,1,0,0,2019-01-01
7d8b4f76-7575-4d7a-974e-0a438296197b,1,1,1,1,1,1,1,1,1,1,1,0,0,2019-01-01
99c5e021-c0f5-40d3-b1fe-65bfb0715bf1,1,1,1,1,1,1,1,1,1,1,1,0,0,2019-01-01
5e2cbe92-3130-45c1-8961-54ead97211a6,1,1,1,1,1,1,1,1,1,1,1,0,0,2019-01-01
a919cdc6-b064-4dab-a1cb-05cc9ddc8fb6,1,1,1,1,1,1,1,1,1,1,1,0,0,2019-01-01
43e88407-6a19-4776-9093-6fc9a15f78b3,1,1,1,1,1,1,1,1,1,1,1,0,0,2019-01-01
b27b3abc-b65c-4578-ad4b-4cfba3a50fbf,1,1,1,1,1,1,1,1,1,1,1,0,0,2019-01-01
fea7df51-2039-4c6a-9d10-9c50e3013a0f,1,1,1,1,1,1,1,1,1,1,1,0,0,2019-01-01
6c299d03-ac2c-45de-add8-c07f618d7a48,1,1,1,1,1,1,1,1,1,1,1,0,0,2019-01-01
4c209bbc-812f-4354-86a4-23e69d38cae9,1,1,1,1,1,1,1,1,1,1,1,0,0,2019-01-01
a92c720f-b2d7-4749-822f-25049f7c2706,1,1,1,1,1,1,1,1,1,1,1,0,0,2019-01-01
363f2c7c-0635-46c8-b598-9e9aa014b6d2,1,1,1,1,1,1,1,1,1,1,1,0,0,2019-01-01
0260aba2-a36a-43be-bade-d4e88b22e530,1,1,1,1,1,1,1,1,1,1,1,0,0,2019-01-01
aa328d36-74c9-4a17-ba05-9f7c7d279caa,1,1,1,1,1,1,1,1,1,1,1,0,0,2019-01-01
2fe22fcf-67b2-405a-809d-4ca5dbe1d2e3,1,1,1,1,1,1,1,1,1,1,1,0,0,2019-01-01
c79b6327-48fb-47bf-b17b-d20d2de295e3,1,1,1,1,1,1,1,1,1,1,1,0,0,2019-01-01
7bb56d54-b042-46b3-b66d-b7eaaff9c6c4,1,1,1,1,1,1,1,1,1,1,1,1,1,2019-04-17
18cc26e0-a0b3-4ea5-865b-9159a5488624,1,1,1,1,1,1,1,1,1,1,1,0,0,2019-03-11
5a155019-c394-4e83-bb4f-3348491d65f0,1,1,1,1,1,1,1,1,1,1,1,0,0,2019-01-01
6cef8c28-b4dd-4082-af20-57cdc660a5bd,1,1,1,1,1,1,1,1,1,1,1,1,1,2019-04-17
6f3c6f15-0603-4ac3-85c7-deab0279cfec,1,1,1,1,1,1,1,1,1,1,1,0,0,2019-01-01
d378f7a8-31c9-45ce-b61e-287e601df15e,1,1,1,1,1,1,1,1,1,1,1,0,0,2019-01-01
3f408745-c0ca-4466-b094-2aed542e6adf,1,1,1,1,1,1,1,1,1,1,1,0,0,2019-01-01
44dfd6d5-4638-4164-bfb2-9c6fda53a218,1,1,1,1,1,1,1,1,1,1,1,0,0,2019-01-01
8eed2b3e-bd58-4bed-9222-c5e507664631,1,1,1,1,1,1,1,1,1,1,1,0,0,2019-01-01
c8335540-0201-4710-ae6f-99e20d7f3592,1,1,1,1,1,1,1,1,1,1,1,0,0,2019-01-01
308e3b29-08e4-4844-a6b3-785222f110f0,1,1,1,1,1,1,1,1,1,1,1,0,0,2019-01-01
0120379d-90da-491f-aab3-00b5812711c0,1,1,1,1,1,1,1,1,1,1,1,0,0,2019-01-01
b431de6a-4720-4e86-aea0-61ef0dcd2569,1,1,1,1,1,1,1,1,1,1,1,0,0,2019-01-01
6c27fa6f-8be8-4b9a-8f3f-f6581007b008,1,1,1,1,1,1,1,1,1,1,1,0,0,2019-01-01
bb70f931-73e7-4adb-9d44-9a37d6624535,1,1,1,1,1,1,1,1,1,1,1,0,0,2019-01-01
9b248674-2a60-4494-b821-08de7b338098,1,1,1,1,1,1,1,1,1,1,1,0,0,2019-01-01
709f44c9-8fa4-41b0-9845-72c7e87175ea,1,1,1,1,1,1,1,1,1,1,1,0,0,2019-01-01
e2515827-77a7-4cbd-bd8b-d9c2762dc515,1,1,1,1,1,1,1,1,1,1,1,0,0,2019-01-01
b6ea7598-0c96-47e4-a45c-d2ff5502c4f0,1,1,1,1,1,1,1,1,1,1,1,1,1,2019-04-16
e6137ccd-15b7-47ca-bb81-91dc3003a9b0,1,1,1,1,1,1,1,1,1,1,1,0,0,2019-03-11
a1480b53-ae89-4997-ab2a-73b3981ca244,1,1,1,1,1,1,1,1,1,1,1,0,0,2019-04-25
c7979ea4-1a59-42e3-bd57-3abc9c263e8c,1,1,1,1,1,1,1,1,0,1,1,0,0,2019-04-16T12:53:26Z_header
06448b27-4c5c-4296-8ece-a87e124c4f4e,1,1,1,1,1,1,1,1,1,1,1,0,0,2019-04-16
76fb2829-19a9-4bd7-8ca7-0b50c5518814,1,1,1,1,1,1,1,1,0,1,1,0,1,2019-04-16T11:20:51Z_header
8e08523b-4f29-4cb7-b4c4-ff673ee09b9b,1,1,1,1,1,1,1,1,1,1,1,1,1,2019-04-16
11f65550-e4c2-46ac-a5ac-b86b67cbdc10,1,1,1,1,1,1,1,1,1,1,1,0,0,2019-01-01
f2d56c0b-9e2e-4d70-bc3b-53344e9a7412,1,1,1,1,1,1,1,1,1,1,1,0,0,2019-01-01
0dffc352-91b1-4c55-b1d8-aa1f5b9edea4,1,1,1,1,1,1,1,1,1,1,1,0,0,2019-01-01
5b5deb76-1e5e-446c-9d92-6cb2ddbc9d39,1,1,1,1,1,1,1,1,1,1,1,1,1,2019-04-16
b1ffa78a-30c3-49c1-bc6c-4f7187791a7d,1,1,1,1,1,1,1,1,1,1,1,1,1,2019-04-18
0502f8d3-0272-4bf8-ab8e-48cc3847f195,1,1,1,1,1,1,1,1,1,1,1,1,1,2019-04-15
5fe8a515-58e0-4adf-bba5-20fc8cb43f9e,1,1,1,1,1,1,1,1,1,1,1,0,0,2017-01-01
0d2b4c4c-144a-4964-8b1a-87e2c1e75847,1,1,1,1,1,1,1,1,1,1,1,0,0,2017-01-01
9f9dbb35-daaa-4058-a713-ba579f534d21,1,1,1,1,1,1,1,1,1,1,1,0,0,2019-01-01
f9986680-bd7f-42c6-9e00-92dd0fee9b8c,1,1,1,1,1,1,1,1,1,1,1,0,0,2016-01-01
00eb75b2-5fc4-4c14-b7d5-153af265cde8,1,1,1,1,1,1,1,1,1,1,1,0,0,2019-01-01
673dcee7-a4d7-45d4-9bbf-59ffb4fe4bdc,1,1,1,1,1,1,1,1,1,1,1,0,0,2019-01-01
c7e77181-d702-4db5-8380-4ffe58ff56ed,1,1,1,1,1,1,1,1,1,1,1,0,0,2018-01-01
ebc4922a-aba0-4413-979e-b919adb5ef05,1,1,1,1,1,1,1,1,1,1,1,0,0,2018-01-01
6450c6cc-9169-4081-828b-8b6da3e8c379,1,1,1,1,1,1,1,1,1,1,1,0,0,2012-01-01
d715f06d-2310-4da7-a899-c29637fc4263,1,1,1,1,1,1,1,1,1,1,1,0,0,2018-01-01
fd40d5f9-a00c-49f3-9d98-28fbeb591d6c,1,1,1,1,1,1,1,1,1,1,1,0,0,2018-01-01
346a1400-b7b7-4820-8db9-b43e072c9e3b,1,1,1,1,1,1,1,1,1,1,1,0,0,2018-01-01
5cd30a5f-f0a3-4ca7-89fa-a6291cab0c5f,1,1,1,1,1,1,1,1,1,1,1,0,0,2018-01-01
884df0e2-7573-4ef6-a91a-9eea4cadf8c3,1,1,1,1,1,1,1,1,1,1,1,0,0,2018-01-01
c6ddb185-aac9-4680-bc6d-4ce38c290bb5,1,1,1,1,1,1,1,1,1,1,1,0,0,2018-01-01
e4fdc6d3-0d80-4faf-a244-fa175cc4f80e,1,1,1,1,1,1,1,1,1,1,1,0,0,2018-01-01
eda7a41a-f75a-4daa-ad76-1963372cba89,1,1,1,1,1,1,1,1,1,1,1,0,0,2018-01-01
66bd7ba0-67e6-4086-bc72-3334e1bf7ee2,1,1,1,1,1,1,1,1,1,1,1,0,0,2018-01-01
fba66674-5132-4eeb-8fd2-782a5b3629cf,1,1,1,1,1,1,1,1,1,1,1,0,0,2018-01-01
44a6c244-d759-488e-971e-74fc6a8db89a,1,1,1,1,1,1,1,1,1,1,1,0,0,2018-01-01
4af6e8e1-e932-4ae8-87d1-885dc431f6ed,1,1,1,1,1,1,1,1,1,1,1,0,0,2018-01-01
e9da0839-2e54-4fd1-831b-2917314a89f6,1,1,1,1,1,1,1,1,1,1,1,0,0,2018-01-01
766eb9a3-a5dd-4d33-bec8-74ef5b42dcca,1,1,1,1,1,1,1,1,1,1,1,0,0,2018-01-01
405937f9-1fcb-4d0d-8a36-a3c215b62582,1,1,1,1,1,1,1,1,1,1,1,0,0,2018-01-01
af3d5e7e-7daf-40ea-a3e8-02490301e257,1,1,1,1,1,1,1,1,1,1,1,0,0,2018-01-01
a008ec9f-4e5c-41d1-9dc1-9147c96e4f3a,1,1,1,1,1,1,1,1,1,1,1,0,0,2018-01-01
eaa89cdb-85aa-488a-be40-6316092d0cbd,1,1,1,1,1,1,1,1,1,1,1,0,0,2018-01-01
c134b61d-fafe-41bc-81d8-f86fba9de099,1,1,1,1,1,1,1,1,1,1,1,0,0,2018-01-01
6feb2a9a-cd9c-4e65-9adf-0f99b03570e0,1,1,1,1,1,1,1,1,1,1,1,0,0,2018-01-01
5dd5e475-5a87-4761-a689-d2c025ffe838,1,1,1,1,1,1,1,1,1,1,1,0,0,2018-01-01
f72738a0-fe99-48f2-aeca-78f0378ed60e,1,1,1,1,1,1,1,1,1,1,1,0,0,2018-01-01
26bbead9-f466-4886-bace-a5ed686e5223,1,1,1,1,1,1,1,1,1,1,1,0,0,2018-01-01
a5aafedc-78ae-46f6-8587-749d33153690,1,1,1,1,1,1,1,1,1,1,1,0,0,2019-01-01
bc5a6e1b-c948-4b25-ab3f-c2b202d8b90d,1,1,1,1,1,1,1,1,1,1,1,0,0,2019-01-01
384bdf48-3cf0-48d0-8bd4-d42c3e4dc43e,1,1,1,1,1,1,1,1,1,1,1,0,0,2019-01-01
e546c2a6-4668-4253-b2e2-b462f23dab8c,1,1,1,1,1,1,1,1,1,1,1,0,0,2019-01-01
6adefae6-0cdf-4d7b-ae8c-411d657721a1,1,1,1,1,1,1,1,1,1,1,1,0,0,2019-01-01
4cb28687-6e77-44eb-80e2-94b50f36bd7a,1,1,1,1,1,1,1,1,1,1,1,0,0,2019-01-01
95bd8508-5d32-452c-8c67-31d4bd40bd92,1,1,1,1,1,1,1,1,1,1,1,0,0,2019-01-01
c1116709-9015-44c4-b306-4149c3f511ff,1,1,1,1,1,1,1,1,1,1,1,0,0,2019-01-01
48b57ed4-7970-4cf9-b12d-75e2de91a2ac,1,1,1,1,1,1,1,1,1,1,1,0,0,2019-01-01
8930652c-149c-49b2-b1f6-9e09b8987099,1,1,1,1,1,1,1,1,1,1,1,0,0,2019-01-01
3366fee5-7402-40e0-8c25-340e563f6c1e,1,1,1,1,1,1,1,1,1,1,1,0,0,2019-01-01
04ac3c22-1cd8-42a5-be3c-b38d4c3fe019,1,1,1,1,1,1,1,1,1,1,1,0,0,2019-01-01
059c89da-7ae5-4dbb-b876-bd1617110873,1,1,1,1,1,1,1,1,1,1,1,0,0,2019-01-01
83de3423-9d23-43ef-aae1-4a95bd4d70f6,1,1,1,1,1,1,1,1,1,1,1,0,0,2019-01-01
aa0db59c-6499-4c99-b77f-47e3d34ac03c,1,1,1,1,1,1,1,1,1,1,1,0,0,2015-01-01
afccbf87-20b9-42cd-b075-d1ae706e7210,1,1,1,1,1,1,1,1,1,1,1,0,0,2011-01-01
ea78d9f2-b352-4adb-b2c7-2dd221624c90,1,1,1,1,1,1,1,1,1,1,1,0,0,2011-01-01